{
    "header": {
        "navigation_bar": {
            "logo": {
                "src": "secdesk_logo.svg",
                "alt": "SecDesk Logo",
                "href": "/"
            },
            "button": {
                "label": "Contact",
                "action_svg": "phone.svg",
                "id"  : "contact"
            },
            "navbarItems": [
                {
                    "label": "Introduction",
                    "url": "/",
                    "dditem": []
                },
                {
                    "label": "USP",
                    "url": "/",
                    "dditem": []
                },
                {
                    "label": "Offering",
                    "url": "/",
                    "dditem": []
                },
                {
                    "label": "More",
                    "url": "/",
                    "dditem": []
                },
                {
                    "label": "Quiz",
                    "url": "/",
                    "dditem": []
                },
                {
                    "label": "EN",
                    "url": "/",
                    "dditem": [
                        {
                            "label": "EN",
                            "url": "/"
                        },
                        {
                            "label": "NL",
                            "url": "/"
                        }
                    ]
                }
            ]
        },
        "introduction" : ["Internet can be a dangerous place,", "Do you sometimes worry"],
        "content" : [["About the online scams?", "About the legitimacy of the sites?", "About the terms and agreements?", "About the online data leaks?", "About the hacking risks?", "About the virus attacks?", "About the believing everything online?"], "We hear these worries a lot from our clients, parents, teenagers, and friends outside IT industry, we could go on and on. Security is difficult and people from all layers of security struggle with these questions."],
        "secdeskLogo": "",
        "rightArrowIcon": "",
        "button-name": "Get in Touch"
    },
    "introduction": {
        "title": "Introduction",
        "description": "Welcome to SecDesk@Home - your shield against cybercriminals in an increasingly digitized world. As technology advances, so do the threats, and SecDesk couldn't stand idly by any longer. We've witnessed too many hard-earned dollars fall into the hands of cybercriminals, and enough is enough. It's time for a solution designed to protect individuals like you who are active online.",
        "image": {
            "path": "/introductiondoubletick.svg",
            "title": "introduction",
            "dHeight": "calc((100vw / 1920)*200)",
            "dWidth": "calc((100vw / 1920)*200)",
            "mHeight": "calc((100vw / 393)*129)",
            "mWidth": "calc((100vw / 393)*129)"
        },
        "background": {
            "dHeight": "calc((100vw / 1920)*307.29)",
            "dWidth": "calc((100vw / 1920)*329.61)",
            "mHeight": "calc((100vw / 393)*191.93)",
            "mWidth": "calc((100vw / 393)*240)"
        },
        "image_position": "right",
        "button_name": "Subscribe",
        "button_icon": "/arrowrightwhite.svg",
        "paddingLeftContent": "calc((100vw / 1920) * 0)",
        "paddingImageContent": "",
        "goTo": "More"
    },
    "yourShield": {
        "title": "Your Shield",
        "description": "SecDesk@Home is more than just a security subscription; it's your personalized defense mechanism crafted by the security specialists at SecDesk. Our mission is clear: to create a more secure world, and SecDesk@Home extends that mission directly to you, the consumer market. With our comprehensive security measures in place, you can navigate the digital landscape with confidence, knowing that your personal information and hard-earned assets are safeguarded against cyber threats.",
        "image": {
            "path": "/yourshield.svg",
            "title": "introduction",
            "dHeight": "calc((100vw / 1920)*200)",
            "dWidth": "calc((100vw / 1920)*200)",
            "mHeight": "calc((100vw / 393)*129)",
            "mWidth": "calc((100vw / 393)*129)"
        },
        "background": {
            "dHeight": "calc((100vw / 1920)*307.29)",
            "dWidth": "calc((100vw / 1920)*329.61)",
            "mHeight": "calc((100vw / 393)*191.93)",
            "mWidth": "calc((100vw / 393)*240)"
        },
        "image_position": "left",
        "button_name": "Subscribe",
        "button_icon": "/arrowrightwhite.svg",
        "paddingLeftContent": "",
        "paddingImageContent": "calc((100vw / 1920) * 0)",
        "goTo": "More"
    },
    "jointheMovement": {
        "title": "Join the Movement",
        "description": "Take control of your online security today by joining the SecDesk@Home community. Together, we can build a safer digital environment for everyone. Don't let cybercriminals dictate your online experience any longer. With SecDesk@Home, you have the power to protect yourself and contribute to a more secure world. Join us in our mission and secure your peace of mind with SecDesk@Home.",
        "image": {
            "path": "/jointhemovement.svg",
            "title": "introduction",
            "dHeight": "calc((100vw / 1920)*200)",
            "dWidth": "calc((100vw / 1920)*200)",
            "mHeight": "calc((100vw / 393)*129)",
            "mWidth": "calc((100vw / 393)*129)"
        },
        "background": {
            "dHeight": "calc((100vw / 1920)*307.29)",
            "dWidth": "calc((100vw / 1920)*329.61)",
            "mHeight": "calc((100vw / 393)*191.93)",
            "mWidth": "calc((100vw / 393)*240)"
        },
        "image_position": "right",
        "button_name": "Subscribe",
        "button_icon": "/arrowrightwhite.svg",
        "paddingLeftContent": "calc((100vw / 1920) * 0)",
        "paddingImageContent": "",
        "goTo": "More"
    },

    "footer": {
        "logo": {
            "logoName": "secDesk logo",
            "logoUrl": "/logo.svg"
        },
        "background": {
            "backgroundName": "netherland",
            "backgroundUrl": "/netherland.svg"
        },
        "branding": "© Secdesk, Netherlands",
        "content": [
            {
                "contentName": "Contacts",
                "contentUrl": "/"
            },
            {
                "contentName": "Jobs",
                "contentUrl": "/"
            },
            {
                "contentName": "Team",
                "contentUrl": "/"
            },
            {
                "contentName": "Location",
                "contentUrl": "/"
            },
            {
                "contentName": "About Us",
                "contentUrl": "/"
            },
            {
                "contentName": "Expertise",
                "contentUrl": "/"
            },
            {
                "contentName": "Subscription",
                "contentUrl": "/"
            },
            {
                "contentName": "Training",
                "contentUrl": "/"
            },
            {
                "contentName": "Privacy Policy",
                "contentUrl": "/"
            }
        ],
        "socialMedia": [
            {
                "socialName": "X",
                "socialUrl": "/",
                "socialIcon": "/twitter.svg"
            },
            {
                "socialName": "LinkedIn",
                "socialUrl": "/",
                "socialIcon": "/linkedin.svg"
            },
            {
                "socialName": "Instagram",
                "socialUrl": "/",
                "socialIcon": "/insta.svg"
            },
            {
                "socialName": "Tiktok",
                "socialUrl": "/",
                "socialIcon": "/tiktok.svg"
            }
        ]
    },
    "qualityCard": {
        "heading": [
            "We are there for you ",
            "when you can’t turn ",
            "to others"
        ],
        "content": "Online security threats may come unannounced and this is exactly where our services can really prove to be helpful to you. Don’t rely on George because we know he is not coming to save you in the middle of the night. Let him sleep and put Secdesk to action.",
        "background": {
            "name": "Choose Secdesk",
            "path": "/qualitybackground.svg"
        },
        "button": {
            "name": "Choose Secdesk",
            "url": "Offering"
        },
        "childCardProp": {
            "left": [
                {
                    "heading": "Trustworthy",
                    "content": "All our employees are under very strict Non-Disclosure Agreements",
                    "image": {
                        "pathDesktop": "/trustworthy.svg",
                        "pathMobile": "/trustworthy2.svg",
                        "name": "trustworthy"
                    },
                    "bg": {
                        "backgroundColorDesktop": "var(--light-color)",
                        "backgroundColorMobile": "var(--text-button-background-color-primary)",
                        "backgroundImg": "/qualitybackground-part4.svg",
                        "backgroundPosition": "left top"
                    },
                    "textColor": {
                        "desktop": "var(--dark-color)",
                        "mobile": "var(--light-color)"
                    },
                    "button": {
                        "backgroundColorDesktop": "var(--light-color)",
                        "textColorDesktop": "var(--text-button-background-color-primary)",
                        "backgroundColorMobile": "var(--light-color)",
                        "textColorMobile": "var(--text-button-background-color-primary)",
                        "desktopText": "",
                        "mobileText": "",
                        "mobileImg": "/arrowrightprimary.svg",
                        "desktopImg": "",
                        "url": "/"
                    }
                },
                {
                    "heading": "Accessible",
                    "content": "Quick and discrete answers to your troubles",
                    "image": {
                        "pathDesktop": "/accessible.svg",
                        "pathMobile": "/accessible2.svg",
                        "name": "accessible"
                    },
                    "bg": {
                        "backgroundColorDesktop": "var(--light-color)",
                        "backgroundColorMobile": "var(--light-color)",
                        "backgroundImg": "/qualitybackground-part2.svg",
                        "backgroundPosition": "right top"
                    },
                    "textColor": {
                        "desktop": "var(--dark-color)",
                        "mobile": "var(--dark-color)"
                    },
                    "button": {
                        "backgroundColorDesktop": "var(--light-color)",
                        "textColorDesktop": "var(--text-button-background-color-primary)",
                        "backgroundColorMobile": "var(--light-color)",
                        "textColorMobile": "var(--text-button-background-color-primary)",
                        "desktopText": "",
                        "mobileText": "",
                        "mobileImg": "",
                        "desktopImg": "",
                        "url": "/"
                    }
                }
            ],
            "right": [
                {
                    "heading": "Available",
                    "content": "We are always available, also when your tech-savvy aunt or friend is not",
                    "image": {
                        "pathDesktop": "/available.svg",
                        "pathMobile": "/available2.svg",
                        "name": "available"
                    },
                    "bg": {
                        "backgroundColorDesktop": "var(--text-button-background-color-primary)",
                        "backgroundColorMobile": "var(--light-color)",
                        "backgroundImg": "/qualitybackground-part1.svg",
                        "backgroundPosition": "right bottom"
                    },
                    "textColor": {
                        "desktop": "var(--light-color)",
                        "mobile": "var(--dark-color)"
                    },
                    "button": {
                        "backgroundColorDesktop": "var(--text-button-background-color-primary)",
                        "textColorDesktop": "var(--light-color)",
                        "backgroundColorMobile": "var(--text-button-background-color-primary)",
                        "textColorMobile": "var(--light-color)",
                        "desktopText": "",
                        "mobileText": "",
                        "mobileImg": "/arrowrightwhite.svg",
                        "desktopImg": "",
                        "url": "/"
                    }
                },
                {
                    "heading": "Multilingual",
                    "content": "Currently available in: Dutch, English, Romanian. Request for a new language.",
                    "image": {
                        "pathDesktop": "/multilingual.svg",
                        "pathMobile": "/multilingual2.svg",
                        "name": "multilingual"
                    },
                    "bg": {
                        "backgroundColorDesktop": "var(--light-color)",
                        "backgroundColorMobile": "var(--light-color)",
                        "backgroundImg": "/qualitybackground-part3.svg",
                        "backgroundPosition": "left bottom"
                    },
                    "textColor": {
                        "desktop": "var(--dark-color)",
                        "mobile": "var(--dark-color)"
                    },
                    "button": {
                        "backgroundColorDesktop": "var(--text-button-background-color-primary)",
                        "textColorDesktop": "var(--light-color)",
                        "backgroundColorMobile": "var(--text-button-background-color-primary)",
                        "textColorMobile": "var(--light-color)",
                        "desktopText": "Request",
                        "mobileText": "Request Now",
                        "mobileImg": "/arrowrightwhite.svg",
                        "desktopImg": "/arrowrightwhite.svg",
                        "url": "/"
                    }
                }
            ]
        }
    },
    "carouselCurrentSubscription": {
        "title": "What we’re offering in the current subscription",
        "description": "",
        "toggleScrollButtonPosition": true,
        "hideIndicator": true,
        "isBackgroundDark": true,
        "cardProps": [
            {
                "image": "/utc.svg",
                "title": "Understanding Terms and Conditions",
                "description": "Tired of deciphering dense legal jargon? We've got you covered. Our platform provides easily digestible summaries of terms and conditions, so you can understand exactly what you're getting yourself into.",
                "url": "More",
                "toggleButton": false,
                "buttonText": "Learn More"
            },
            {
                "image": "/helpdesk.svg",
                "title": "Helpdesk",
                "description": "Need assistance navigating the complexities of cybersecurity? Our helpdesk is here to lend a helping hand. Reserve a 30-minute call with our security experts and get answers to all your burning security questions.",
                "url": "More",
                "toggleButton": true,
                "buttonText": "Subscribe"
            },
            {
                "image": "/leakcred.svg",
                "title": "Leaked Credentials",
                "description": "Safeguard your online accounts and check whether your credentials have leaked on the internet. Whether it's a password leak or a data breach, our system keeps a watchful eye on the web, ensuring that you're always one step ahead of cyber threats.",
                "url": "More",
                "toggleButton": false,
                "buttonText": "Learn More"
            },
            {
                "image": "/onlinetraining.svg",
                "title": "Online Training",
                "description": "Led by industry experts, our courses cover a wide range of security-related subjects, providing you with the knowledge and skills needed to stay safe online. Access our online trainings anytime, anywhere, and learn at your own pace.",
                "url": "More",
                "toggleButton": true,
                "buttonText": "Subscribe"
            },
            {
                "image": "/legit.svg",
                "title": "Is this Legit?",
                "description": "Worried about falling victim to online scams? Put your doubts to rest with our legitimacy verification service. Simply submit the website or service in question to our system, and our experts will conduct a thorough assessment to determine its authenticity.",
                "url": "More",
                "toggleButton": false,
                "buttonText": ""
            }
        ]
    },
    "carouselUpcomingSubscription": {
        "title": "That’s not all folks!",
        "description": "We are still building hard to get you ever more secure, we can’t tell you everything yet, we can tell you however: during your subscription you get access to all newly added services for free and even get an early sneak peek if you like!",
        "toggleScrollButtonPosition": true,
        "hideIndicator": true,
        "isBackgroundDark": false,
        "cardProps": [
            {
                "image": "/closemonitor.svg",
                "title": "Closely Monitor Image Sharing",
                "description": "Keep a vigilant eye on who shares your private images with our cutting-edge monitoring system. Protect your personal and sensitive photos from unauthorized sharing by logging every instance of image sharing.",
                "url": "More",
                "toggleButton": false,
                "buttonText": ""
            },
            {
                "image": "/gdpr.svg",
                "title": "DMCA/GDPR Requests",
                "description": "Take control of your private data with our streamlined DMCA and GDPR request management system. Whether you need to file a takedown request or respond to one, we've got you covered. Safeguard your personal information now!",
                "url": "More",
                "toggleButton": true,
                "buttonText": "Subscribe"
            },
            {
                "image": "/gcot.svg",
                "title": "Growing Collection of Training",
                "description": "Stay ahead of emerging threats and enhance your cybersecurity knowledge with our ever-expanding collection of security-related trainings. From basic privacy practices to advanced threat detection techniques, we offer comprehensive resources to help you protect yourself online.",
                "url": "More",
                "toggleButton": false,
                "buttonText": ""
            },
            {
                "image": "/privacyshop.svg",
                "title": "Privacy Shop",
                "description": "Explore our exclusive Privacy Shop and find the perfect gadgets and gifts to safeguard your digital privacy. From NFC protectors to webcam covers, USB data blockers, and more, we offer a curated selection of high-quality products made for your security.",
                "url": "More",
                "toggleButton": true,
                "buttonText": "Subscribe"
            },
            {
                "image": "/subscribeupdate.svg",
                "title": "Subscribe for Updates",
                "description": "Don't miss out on the latest developments in privacy and security – subscribe to our updates today! By subscribing, you'll gain access to exclusive content, product announcements, and valuable insights delivered straight to your inbox.",
                "url": "More",
                "toggleButton": true,
                "buttonText": "Subscribe"
            }
        ]
    },
    "quiz": [
        {
            "1": {
                "question": "Which of the following is a common method used by cybercriminals to gain unauthorized access to sensitive information?",
                "answer": "asasa",
                "options": [
                    "asasa",
                    "AZUs",
                    "sdsd"
                ],
                "message": "Avoid the risk of Shoulder Surfing and get yourself the top-notch security and online privacy that you deserve. Avoid the risk of Shoulder Surfing and get yourself the top-notch security and online privacy that you deserve. ",
                "actionName": "Click on me",
                "category": "Malware"
            }
        },
        {
            "2": {
                "question": "What is Your fav food",
                "answer": "test1",
                "options": [
                    "test1",
                    "test2",
                    "test3"
                ],
                "message": "This is a demo 2",
                "actionName": "Click on me 2",
                "category": "Malware"
            }
        },
        {
            "3": {
                "question": "What is Your fav dance",
                "answer": "test1",
                "options": [
                    "test1",
                    "test2",
                    "test3"
                ],
                "message": "This is a demo 2",
                "actionName": "Click on me 2",
                "category": "Threat"
            }
        },
        {
            "4": {
                "question": "What is Your fav cat",
                "answer": "test1",
                "options": [
                    "test1",
                    "test2",
                    "test3"
                ],
                "message": "This is a demo 2",
                "actionName": "Click on me 2",
                "category": "Vuneravalty"
            }
        },
        {
            "5": {
                "question": "What is Your fav cat",
                "answer": "test1",
                "options": [
                    "test1",
                    "test2",
                    "test3"
                ],
                "message": "This is a demo 2",
                "actionName": "Click on me 2",
                "category": "Vuneravalty"
            }
        },
        {
            "6": {
                "question": "What is Your fav cat",
                "answer": "test1",
                "options": [
                    "test1",
                    "test2",
                    "test3"
                ],
                "message": "This is a demo 2",
                "actionName": "Click on me 2",
                "category": "Demo"
            }
        }
    ],

    "quizContent" : {
        "VulnerabilityTitle": "Vulnerability Percentage",
        "Threat": "Threat",
        "Security": "Security Level",
        "ThreatCalculator" : "Threat Calculator",
        "YourDeviceIsAtRisk": "Your Device is at risk",
        "Score": "Score",
        "TotalThreat": "Total Threat",
        "DiscountPercent" : "50%",
        "DiscountText": "Discount",
        "Message": "Hi, you did great. Want us to help you?",
        "couponText": "Coupon Code : SEC****4***",
        "getCouponCodebutton": "Get Coupon Code",
        "GetCouponInMyInboxButton" : "Get Coupon in My Inbox",
        "Skip" : "Skip",
        "Next" : "Next",
        "CheckYourScore": "Check Your Score"
    },
    "newsLetter": {
        "title": "Stay up to date with the latest in security with the Secdesk security newsletter!",
        "image": {
            "path": "/newsletter.svg",
            "title": "newsletter",
            "dHeight": "calc((100vw / 1920)*220.85)",
            "dWidth": "calc((100vw / 1920)*246.48)",
            "mHeight": "calc((100vw / 393)*132.51)",
            "mWidth": "calc((100vw / 393)*147.89)"
        },
        "background": {
            "dHeight": "calc((100vw / 1920)*307)",
            "dWidth": "calc((100vw / 1920)*330)",
            "mHeight": "calc((100vw / 393)*217)",
            "mWidth": "calc((100vw / 393)*271.35)"
        },
        "image_position": "right",
        "button_name": "Subscribe",
        "button_icon": "/arrowrightwhite.svg",
        "paddingLeftContent": "calc((100vw / 1920) * 0)",
        "inputBox": "Email*",
        "bulletPointImg": "/tickmark.svg",
        "bulletPoints": [
            "Stay up-to-date with the trends, so you can focus your security effort",
            "Increase your security posture"
        ],
        "goTo": "#"
    },

    "CallToAction": {
    "heading": "Secured Internet Browsing With Our Subscription Plan",
    "description":["Don’t lose your money to online scammers", "Subscribe now to become more secure.", "All newly added services FREE with the annual subscription."],
    "cardTitle": "Choose a Plan",
        "plans": [
            {
              "title": "Annual",
              "price": 75.99,
              "discountPercentage": 40,
              "buttonText": " Buy now",
              "currency": "USD",
              "currencySymbol": "$",
              "bulletPoint": "Get the newly added services with this plan",
              "ribbonText": "MOST POPULAR",
              "period": "year",
              "hookStringOne" : "Security that is Value for Money",
              "hookStringTwo" : ""
            },
            {
              "title": "Monthly",
              "price": 75,
              "discountPercentage": 0,
              "buttonText": "Buy now",
              "currency": "USD",
              "currencySymbol": "$",
              "bulletPoint": "Services you need to keep you safe online",
              "ribbonText": "",
              "period": "month",
              "hookStringOne" : "Security that is Value for Money",
              "hookStringTwo" : "Say Bye to Threats at"
            }
          ],
        "bulletIcon": "tickBulletPoint.svg"
    },
    "translatableText": {
        "discountMsg": "Huge discounts are waiting for you on the other side!"
    }
}
